{
    "Version": "2012-10-17",
    "Statement": [
        {
            "Sid": "DBAdmins",
			"Effect": "Allow",
            "Action": [
                "ssm:DescribeParameters"
            ],
            "Resource": "*"
        },
        {
            "Effect": "Allow",
            "Action": [
                "ssm:GetParameters"
            ],
            "Resource": ["arn:aws:ssm:us-east-1:276654360894:parameter/RDS_MySQL_MasterUserPassword_Stg", "arn:aws:ssm:us-east-1:276654360894:parameter/RDS_Oracle_MasterUserPassword_Stg", 
						"arn:aws:ssm:us-east-1:276654360894:parameter/Redshift_MasterUserPassword_Stg"]
        }
    ]
	
}