[
  {
    "ParameterKey": "EncryptionLambdaStack",
    "ParameterValue": "Yes"
  },
  {
    "ParameterKey": "ELSKibannaStack",
    "ParameterValue": "Yes"
  }  
  {
    "ParameterKey": "ECSPOSStack",
    "ParameterValue": "Yes"
  },
  {
    "ParameterKey": "ECSKTStack",
    "ParameterValue": "Yes"
  },        
  {
    "ParameterKey": "ESParmStrNonDefaultUserName",
    "ParameterValue": "ElasticSearch_DefaultSuperUserName_Stg"
  },
  {
    "ParameterKey": "ESParmStrNonDefaultUserPswd",
    "ParameterValue": "ElasticSearch_DefaultSuperUserPassword_Stg"
  },
  {
    "ParameterKey": "ESParmStrResetDefaultUserPswd",
    "ParameterValue": "ElasticSearch_LambdaESUserPassword_Stg"
  },
  {
    "ParameterKey": "ESParmStrLDAPBindPswd",
    "ParameterValue": "ElasticSearch_LDAPBindPassword_Stg"
  }, 
  {
    "ParameterKey": "ESParamStrMasterNodeOnePvtIP",
    "ParameterValue": "ES-masternode1-ipaddress"
  },
  {
    "ParameterKey": "ESParamStrMasterNodeTwoPvtIP",
    "ParameterValue": "ES-masternode2-ipaddress"
  },
  {
    "ParameterKey": "ESParamStrMasterNodeThreePvtIP",
    "ParameterValue": "ES-masternode3-ipaddress"
  },
  {
    "ParameterKey": "ESInstanceVolumeSize",
    "ParameterValue": "128"
  },
  {
    "ParameterKey": "ESInstanceVolumeType",
    "ParameterValue": "gp2"
  }, 
  {
    "ParameterKey": "ESUsersList",
    "ParameterValue": "adatta,csett,skarmaka,droglier,nirchoud,mkundu,negupta,rpraksh,sbanerje"
  },
  {
    "ParameterKey": "NodesInCluster",
    "ParameterValue": "3"
  },   
  {
    "ParameterKey": "LaunchKibanaNodeFlag",
    "ParameterValue": "Yes"
  },           
  {
    "ParameterKey": "ESAmiID",
    "ParameterValue": "ami-d59aa3af"
  },
  {
    "ParameterKey": "KibanaInstanceType",
    "ParameterValue": "m5.xlarge"
  },
  {
    "ParameterKey": "ESInstanceType",
    "ParameterValue": "m5.xlarge"
  },
  {
    "ParameterKey": "ElasticSearchServerName",
    "ParameterValue": "amzlinelas"
  },
  {
    "ParameterKey": "ESKibanaServerName",
    "ParameterValue": "amzlinkibs"
  },
  {
    "ParameterKey": "ElasticsearchSnapshotName",
    "ParameterValue": "snapshot-20180914-000003179"
  },
  {
    "ParameterKey": "MaxS3BatchSize",
    "ParameterValue": "250"
  },
  {
    "ParameterKey": "ELSPasswordParameterstore",
    "ParameterValue": "ElasticSearch_DefaultSuperUserPassword_Stg"
  },
  {
    "ParameterKey": "EncryptedPasswordParameterStoreName",
    "ParameterValue": "ElasticSearch_DefaultSuperUserPassword_Stg"
  },  
  {
    "ParameterKey": "LambdaCodeS3Key",
    "ParameterValue": "edh-elasticsearch-lambda.zip"
  },  
  {
    "ParameterKey": "ECSPOSClusterName",
    "ParameterValue": "amzlinecsrfs01"
  },
  {
    "ParameterKey": "ECSPOSOptimizedAMIID",
    "ParameterValue": "ami-28456852"
  },
  {
    "ParameterKey": "ECSPOSDesiredCapacity",
    "ParameterValue": "1"
  },
  {
    "ParameterKey": "ECSPOSRootVolumeSize",
    "ParameterValue": "50"
  },  
  {
    "ParameterKey": "ECSPOSMaxInstanceSize",
    "ParameterValue": "1"
  },
  {
    "ParameterKey": "ECSPOSMinInstanceSize",
    "ParameterValue": "1"
  },
  {
    "ParameterKey": "ECSPOSInstanceType",
    "ParameterValue": "m4.large"
  },
  {
    "ParameterKey": "ECSKTClusterName",
    "ParameterValue": "ecs-ktstg"
  },
  {
    "ParameterKey": "ECSKTOptimizedAMI",
    "ParameterValue": "ami-aff65ad2"
  },
  {
    "ParameterKey": "ECSKTDesiredCapacity",
    "ParameterValue": "1"
  },
  {
    "ParameterKey": "ECSKTMinInstanceSize",
    "ParameterValue": "1"
  },
  {
    "ParameterKey": "ECSKTMaxInstanceSize",
    "ParameterValue": "1"
  },  
  {
    "ParameterKey": "ECSKTInstanceType",
    "ParameterValue": "m4.xlarge"
  },  
  {
    "ParameterKey": "ECKTRootVolumeSize",
    "ParameterValue": "50"
  },  
  {
    "ParameterKey": "ECSPOSAutoscalinggroupname",
    "ParameterValue": "ecsposstgcontainerinstance"
  },  
  {
    "ParameterKey": "ECSKTAutoscalinggroupname",
    "ParameterValue": "ecskoreatradestgcontainerinstance"
  },  
  {
    "ParameterKey": "CFTS3BucketName",
    "ParameterValue": "tiffany-edh-environment-build-prerequisites"
  },  
  {
    "ParameterKey": "CFTS3KeyPrefix",
    "ParameterValue": "TiffanyEDH-Master-CFN-2"
  }
  {
    "ParameterKey": "EDHTCOMasterStack",
    "ParameterValue": "TiffanyEDHStg-Master-1"
  },  
  {
    "ParameterKey": "EDHTCOVPCMasterStack",
    "ParameterValue": "TiffanyEDHStg"
  }  
]