[
  {
    "ParameterKey": "Env",
    "ParameterValue": "STG"
  },
  {
    "ParameterKey": "Application",
    "ParameterValue": "EDH"
  },  
  {
    "ParameterKey": "VPCNETWORK",
    "ParameterValue": "10.193.96.0/19"
  },
  {
    "ParameterKey": "PeeringConnections",
    "ParameterValue": "Yes"
  },
  {
    "ParameterKey": "VPNConnections",
    "ParameterValue": "Yes"
  },    
  {
    "ParameterKey": "PeeringRoleArn",
    "ParameterValue": "arn:aws:iam::907124906847:role/TCOAcceptVPCPeeringRole"
  },  
  {
    "ParameterKey": "PeeringVPCID",
    "ParameterValue": "vpc-97b4f2f1"
  },
  {
    "ParameterKey": "PeeringRegion",
    "ParameterValue": "us-east-1"
  }, 
  {
    "ParameterKey": "PeerOwnerId",
    "ParameterValue": "907124906847"
  },
  {
    "ParameterKey": "CGWIpAddress1",
    "ParameterValue": "34.224.144.110"
  }, 
  {
    "ParameterKey": "CGWIpAddress2",
    "ParameterValue": "18.205.214.35"
  }, 
  {
    "ParameterKey": "CGWIpAddress3",
    "ParameterValue": "34.237.197.192"
  },               
  {
    "ParameterKey": "CFTS3BucketName",
    "ParameterValue": ""
  },    
  {
    "ParameterKey": "CFTS3KeyPrefix",
    "ParameterValue": ""
  }
]